{
  "timestamp": "2025-10-08T17:12:34.372174",
  "input_file": "/Users/qw281/Downloads/MATS/results/training_against_monitor/s540/predictions/_raw_outputs.json",
  "output_file": "/Users/qw281/Downloads/MATS/results/training_against_monitor/s540/predictions/gpt_4o_monitor_predictions.json",
  "monitor_model": "gpt-4o",
  "total_samples": 2070,
  "successful_predictions": 2070,
  "failed_predictions": 0,
  "valid_predictions": 2070,
  "correct_predictions": 1323,
  "accuracy": 0.6391304347826087,
  "accuracy_95_ci": {
    "lower_bound": 0.6182016008217458,
    "upper_bound": 0.6595438350938553,
    "margin": 0.020671117136054705
  },
  "conditional_accuracies": {
    "when_original_correct": {
      "accuracy": 0.7110969387755102,
      "correct_predictions": 1115,
      "total_samples": 1568,
      "95_ci": {
        "lower_bound": 0.6881680708919721,
        "upper_bound": 0.7329939975119742,
        "margin": 0.022412963310001054
      }
    },
    "when_original_incorrect": {
      "accuracy": 0.41434262948207173,
      "correct_predictions": 208,
      "total_samples": 502,
      "95_ci": {
        "lower_bound": 0.37206001806475797,
        "upper_bound": 0.4579262384977266,
        "margin": 0.04293311021648433
      }
    },
    "when_lv_true": {
      "accuracy": 0.4985507246376812,
      "correct_predictions": 516,
      "total_samples": 1035,
      "95_ci": {
        "lower_bound": 0.46815131951711314,
        "upper_bound": 0.5289608481052632,
        "margin": 0.030404764294075057
      }
    },
    "when_lv_false": {
      "accuracy": 0.7797101449275362,
      "correct_predictions": 807,
      "total_samples": 1035,
      "95_ci": {
        "lower_bound": 0.7534524758215596,
        "upper_bound": 0.8038991730597701,
        "margin": 0.02522334861910521
      }
    }
  },
  "model": "gpt-4o",
  "batch_size": 20,
  "max_concurrent": 256
}