{
  "timestamp": "2025-10-08T16:30:11.319819",
  "input_file": "/Users/qw281/Downloads/MATS/results/training_against_monitor/s540/predictions/_raw_outputs.json",
  "output_file": "/Users/qw281/Downloads/MATS/results/training_against_monitor/s540/predictions/gpt_4o_mini_monitor_predictions.json",
  "monitor_model": "gpt-4o-mini",
  "total_samples": 2070,
  "successful_predictions": 2070,
  "failed_predictions": 0,
  "valid_predictions": 2070,
  "correct_predictions": 1452,
  "accuracy": 0.7014492753623188,
  "accuracy_95_ci": {
    "lower_bound": 0.6813770654251765,
    "upper_bound": 0.720775180327621,
    "margin": 0.019699057451222232
  },
  "conditional_accuracies": {
    "when_original_correct": {
      "accuracy": 0.8552295918367347,
      "correct_predictions": 1341,
      "total_samples": 1568,
      "95_ci": {
        "lower_bound": 0.8369447657924256,
        "upper_bound": 0.8717781106456353,
        "margin": 0.017416672426604822
      }
    },
    "when_original_incorrect": {
      "accuracy": 0.22111553784860558,
      "correct_predictions": 111,
      "total_samples": 502,
      "95_ci": {
        "lower_bound": 0.1870065989819792,
        "upper_bound": 0.25946028284936595,
        "margin": 0.036226841933693375
      }
    },
    "when_lv_true": {
      "accuracy": 0.7594202898550725,
      "correct_predictions": 786,
      "total_samples": 1035,
      "95_ci": {
        "lower_bound": 0.7324510410971268,
        "upper_bound": 0.7844709544974744,
        "margin": 0.02600995670017376
      }
    },
    "when_lv_false": {
      "accuracy": 0.6434782608695652,
      "correct_predictions": 666,
      "total_samples": 1035,
      "95_ci": {
        "lower_bound": 0.6138166993213865,
        "upper_bound": 0.6720787060633371,
        "margin": 0.029131003370975263
      }
    }
  },
  "model": "gpt-4o-mini",
  "batch_size": 20,
  "max_concurrent": 256
}