{
  "timestamp": "2025-10-11T12:36:28.723677",
  "input_file": "/Users/qw281/Downloads/MATS/results/penalize_verbosity_1e-7/s480/predictions/_raw_outputs.json",
  "output_file": "/Users/qw281/Downloads/MATS/results/penalize_verbosity_1e-7/s480/predictions/gpt_4o_mini_monitor_predictions.json",
  "monitor_model": "gpt-4o-mini",
  "total_samples": 2070,
  "successful_predictions": 2070,
  "failed_predictions": 0,
  "valid_predictions": 2070,
  "correct_predictions": 1570,
  "accuracy": 0.7584541062801933,
  "accuracy_95_ci": {
    "lower_bound": 0.7395476498044532,
    "upper_bound": 0.7764030731637644,
    "margin": 0.01842771167965567
  },
  "conditional_accuracies": {
    "when_original_correct": {
      "accuracy": 0.8817672682016179,
      "correct_predictions": 1417,
      "total_samples": 1607,
      "95_ci": {
        "lower_bound": 0.865062915099718,
        "upper_bound": 0.8966507801129029,
        "margin": 0.015793932506592438
      }
    },
    "when_original_incorrect": {
      "accuracy": 0.3304535637149028,
      "correct_predictions": 153,
      "total_samples": 463,
      "95_ci": {
        "lower_bound": 0.28915723894707845,
        "upper_bound": 0.37454015331837376,
        "margin": 0.04269145718564764
      }
    },
    "when_lv_true": {
      "accuracy": 0.8173913043478261,
      "correct_predictions": 846,
      "total_samples": 1035,
      "95_ci": {
        "lower_bound": 0.792694768290048,
        "upper_bound": 0.839740522409492,
        "margin": 0.02352287705972201
      }
    },
    "when_lv_false": {
      "accuracy": 0.6995169082125604,
      "correct_predictions": 724,
      "total_samples": 1035,
      "95_ci": {
        "lower_bound": 0.6708900223039547,
        "upper_bound": 0.7266682350155431,
        "margin": 0.027889106355794217
      }
    }
  },
  "model": "gpt-4o-mini",
  "batch_size": 20,
  "max_concurrent": 256
}