{
  "timestamp": "2025-10-09T02:06:18.226346",
  "input_file": "/Users/qw281/Downloads/MATS/results/reward_kl_1e-2/s475/predictions/_raw_outputs.json",
  "output_file": "/Users/qw281/Downloads/MATS/results/reward_kl_1e-2/s475/predictions/gpt_4o_mini_monitor_predictions.json",
  "monitor_model": "gpt-4o-mini",
  "total_samples": 2070,
  "successful_predictions": 2070,
  "failed_predictions": 0,
  "valid_predictions": 2070,
  "correct_predictions": 1580,
  "accuracy": 0.7632850241545893,
  "accuracy_95_ci": {
    "lower_bound": 0.744496499650769,
    "upper_bound": 0.7810981620645179,
    "margin": 0.01830083120687441
  },
  "conditional_accuracies": {
    "when_original_correct": {
      "accuracy": 0.9259012016021362,
      "correct_predictions": 1387,
      "total_samples": 1498,
      "95_ci": {
        "lower_bound": 0.9115199046583745,
        "upper_bound": 0.938103730716538,
        "margin": 0.013291913029081748
      }
    },
    "when_original_incorrect": {
      "accuracy": 0.3374125874125874,
      "correct_predictions": 193,
      "total_samples": 572,
      "95_ci": {
        "lower_bound": 0.299863178409419,
        "upper_bound": 0.37713124922189045,
        "margin": 0.03863403540623572
      }
    },
    "when_lv_true": {
      "accuracy": 0.7584541062801933,
      "correct_predictions": 785,
      "total_samples": 1035,
      "95_ci": {
        "lower_bound": 0.7314530177786936,
        "upper_bound": 0.7835437562308253,
        "margin": 0.026045369226065814
      }
    },
    "when_lv_false": {
      "accuracy": 0.7681159420289855,
      "correct_predictions": 795,
      "total_samples": 1035,
      "95_ci": {
        "lower_bound": 0.7414414728249971,
        "upper_bound": 0.7928075170353449,
        "margin": 0.02568302210517389
      }
    }
  },
  "model": "gpt-4o-mini",
  "batch_size": 20,
  "max_concurrent": 256
}