{
  "incentive_dir": "results/penalize_monitorability/k=1/step_340/predictions",
  "baseline_dir": "results/regular_RL/step_200/predictions",
  "metrics_overall": {
    "measurement-wise_accuracy_overall": {
      "incentive_value": 0.7646125396825401,
      "baseline_value": 0.8216955555555558,
      "diff": -0.057083015873015786,
      "ci": {
        "incentive_margin": 0.012930219746742893,
        "baseline_margin": 0.012307547694656864,
        "overlap": 0.0,
        "has_overlap": false
      }
    },
    "all_correct_accuracy_overall": {
      "incentive_value": 0.4048,
      "baseline_value": 0.6516,
      "diff": -0.24679999999999996,
      "ci": {
        "incentive_margin": 0.019226884727167725,
        "baseline_margin": 0.01866414129867747,
        "overlap": 0.0,
        "has_overlap": false
      }
    },
    "format_accuracy_overall": {
      "incentive_value": 0.9988,
      "baseline_value": 0.9868,
      "diff": 0.01200000000000001,
      "ci": {
        "incentive_margin": 0.0015570816166104258,
        "baseline_margin": 0.00453235724415102,
        "overlap": 0.0,
        "has_overlap": false
      }
    }
  },
  "group_metrics": {
    "all_false_lv_false": {
      "measurement-wise_accuracy": {
        "incentive_value": 0.8698859618104668,
        "baseline_value": 0.7913580800829542,
        "diff": 0.07852788172751268,
        "ci": {
          "incentive_margin": 0.021048777795067836,
          "baseline_margin": 0.026005880904214494,
          "overlap": 0.0,
          "has_overlap": false
        },
        "incentive_total_samples": 808,
        "baseline_total_samples": 796,
        "diff_total_samples": 12
      },
      "all_correct_accuracy": {
        "incentive_value": 0.7995049504950495,
        "baseline_value": 0.7085427135678392,
        "diff": 0.0909622369272104,
        "ci": {
          "incentive_margin": 0.0275771331807154,
          "baseline_margin": 0.03150910975633247,
          "overlap": 0.0,
          "has_overlap": false
        },
        "incentive_correct_count": 646,
        "baseline_correct_count": 564,
        "diff_correct_count": 82,
        "incentive_total_samples": 808,
        "baseline_total_samples": 796,
        "diff_total_samples": 12
      },
      "format_accuracy": {
        "incentive_value": 0.9987623762376238,
        "baseline_value": 0.9861809045226131,
        "diff": 0.012581471715010673,
        "ci": {
          "incentive_margin": 0.0033791554357282465,
          "baseline_margin": 0.008420519262976182,
          "overlap": 0.0,
          "has_overlap": false
        },
        "incentive_total_samples": 808,
        "baseline_total_samples": 796,
        "diff_total_samples": 12
      }
    },
    "mixed_lv_false": {
      "measurement-wise_accuracy": {
        "incentive_value": 0.7551361082833765,
        "baseline_value": 0.8032674974751808,
        "diff": -0.048131389191804264,
        "ci": {
          "incentive_margin": 0.017531521545387375,
          "baseline_margin": 0.018195215425384645,
          "overlap": 0.0,
          "has_overlap": false
        },
        "incentive_total_samples": 842,
        "baseline_total_samples": 833,
        "diff_total_samples": 9
      },
      "all_correct_accuracy": {
        "incentive_value": 0.342042755344418,
        "baseline_value": 0.48139255702280914,
        "diff": -0.13934980167839112,
        "ci": {
          "incentive_margin": 0.03197804799322545,
          "baseline_margin": 0.03385298258509913,
          "overlap": 0.0,
          "has_overlap": false
        },
        "incentive_correct_count": 288,
        "baseline_correct_count": 401,
        "diff_correct_count": -113,
        "incentive_total_samples": 842,
        "baseline_total_samples": 833,
        "diff_total_samples": 9
      },
      "format_accuracy": {
        "incentive_value": 0.997624703087886,
        "baseline_value": 0.985594237695078,
        "diff": 0.012030465392807943,
        "ci": {
          "incentive_margin": 0.003983666637442676,
          "baseline_margin": 0.008375247522439316,
          "overlap": 0.00035936800996760887,
          "has_overlap": true
        },
        "incentive_total_samples": 842,
        "baseline_total_samples": 833,
        "diff_total_samples": 9
      }
    },
    "all_true_lv_true": {
      "measurement-wise_accuracy": {
        "incentive_value": 0.6759348139782921,
        "baseline_value": 0.8671254330835548,
        "diff": -0.1911906191052627,
        "ci": {
          "incentive_margin": 0.027110865259253863,
          "baseline_margin": 0.02027127623899137,
          "overlap": 0.0,
          "has_overlap": false
        },
        "incentive_total_samples": 759,
        "baseline_total_samples": 788,
        "diff_total_samples": -29
      },
      "all_correct_accuracy": {
        "incentive_value": 0.09617918313570488,
        "baseline_value": 0.7652284263959391,
        "diff": -0.6690492432602343,
        "ci": {
          "incentive_margin": 0.021021046624149328,
          "baseline_margin": 0.02955012868409924,
          "overlap": 0.0,
          "has_overlap": false
        },
        "incentive_correct_count": 73,
        "baseline_correct_count": 603,
        "diff_correct_count": -530,
        "incentive_total_samples": 759,
        "baseline_total_samples": 788,
        "diff_total_samples": -29
      },
      "format_accuracy": {
        "incentive_value": 1.0,
        "baseline_value": 0.9885786802030457,
        "diff": 0.011421319796954266,
        "ci": {
          "incentive_margin": 0.002517861854698343,
          "baseline_margin": 0.007771321061107742,
          "overlap": 0.0,
          "has_overlap": false
        },
        "incentive_total_samples": 759,
        "baseline_total_samples": 788,
        "diff_total_samples": -29
      }
    },
    "all_true_lv_false": {
      "measurement-wise_accuracy": {
        "incentive_value": 0.6571908250479678,
        "baseline_value": 0.8662794033275961,
        "diff": -0.20908857827962835,
        "ci": {
          "incentive_margin": 0.08329275044755617,
          "baseline_margin": 0.06167948698222836,
          "overlap": 0.0,
          "has_overlap": false
        },
        "incentive_total_samples": 91,
        "baseline_total_samples": 83,
        "diff_total_samples": 8
      },
      "all_correct_accuracy": {
        "incentive_value": 0.054945054945054944,
        "baseline_value": 0.7349397590361446,
        "diff": -0.6799947040910896,
        "ci": {
          "incentive_margin": 0.04927646248470123,
          "baseline_margin": 0.09340873375079833,
          "overlap": 0.0,
          "has_overlap": false
        },
        "incentive_correct_count": 5,
        "baseline_correct_count": 61,
        "diff_correct_count": -56,
        "incentive_total_samples": 91,
        "baseline_total_samples": 83,
        "diff_total_samples": 8
      },
      "format_accuracy": {
        "incentive_value": 1.0,
        "baseline_value": 0.9879518072289156,
        "diff": 0.012048192771084376,
        "ci": {
          "incentive_margin": 0.020252001964440106,
          "baseline_margin": 0.031502914626107915,
          "overlap": 0.03837402650077193,
          "has_overlap": true
        },
        "incentive_total_samples": 91,
        "baseline_total_samples": 83,
        "diff_total_samples": 8
      }
    }
  }
}