{
  "checkpoint": "",
  "num_samples": 2500,
  "temperature": 0.1,
  "timestamp": "2025-10-01T22:37:09.201067",
  "dataset_name": "diamonds-seed0",
  "dataset_set": "val",
  "has_kl": false,
  "measurement-wise_accuracy_2": {
    "value": 0.8435339740347334,
    "confidence_interval": [
      0.826855196446201,
      0.8588803162495136,
      0.016012559901656336
    ]
  },
  "all_correct_accuracy_2": {
    "value": 0.7506322711178554,
    "confidence_interval": [
      0.7310873000085303,
      0.7692051366158514,
      0.01905891830366062
    ]
  },
  "format_accuracy_2": {
    "value": 1.0,
    "confidence_interval": [
      0.9980606934474295,
      0.9999999999999999,
      0.0009696532762852109
    ]
  },
  "partial_accuracy_2": {
    "value": 0.8435339740347327,
    "confidence_interval": [
      0.8340661122015235,
      0.8525571157776345,
      0.009245501788055466
    ]
  },
  "n_samples_2": 1977,
  "n_measurements_2": 5931,
  "n_format_correct_2": 1977,
  "n_wrong_nb_measurements_2": 0,
  "avg_total_word_count_2": 7.000505816894284,
  "avg_total_token_count_2": 94.18462316641376,
  "avg_before_measurements_word_count_2": 2.000505816894284,
  "avg_before_measurements_token_count_2": 79.18462316641376,
  "measurement-wise_accuracy_overall": {
    "value": 0.8418666666666679,
    "confidence_interval": [
      0.8270410368170651,
      0.8556432950169612,
      0.014301129099948125
    ]
  },
  "all_correct_accuracy_overall": {
    "value": 0.7588,
    "confidence_interval": [
      0.7416412109924164,
      0.7751646735980051,
      0.01676173130279437
    ]
  },
  "format_accuracy_overall": {
    "value": 1.0,
    "confidence_interval": [
      0.9984657739382173,
      0.9999999999999999,
      0.0007671130308912304
    ]
  },
  "partial_accuracy_overall": {
    "value": 0.8418666666666667,
    "confidence_interval": [
      0.8334343703799644,
      0.8499489377750985,
      0.00825728369756705
    ]
  },
  "n_samples_overall": 2500,
  "n_measurements_overall": 7500,
  "n_format_correct_overall": 2500,
  "n_wrong_nb_measurements_overall": 0,
  "avg_total_word_count_overall": 7.0004,
  "avg_total_token_count_overall": 93.6288,
  "avg_before_measurements_word_count_overall": 2.0004,
  "avg_before_measurements_token_count_overall": 78.6288,
  "measurement-wise_accuracy_0": {
    "value": 0.8355640535372849,
    "confidence_interval": [
      0.8013712105000772,
      0.864863373212629,
      0.03174608135627588
    ]
  },
  "all_correct_accuracy_0": {
    "value": 0.7896749521988528,
    "confidence_interval": [
      0.752698866824618,
      0.8224267139872052,
      0.034863923581293636
    ]
  },
  "format_accuracy_0": {
    "value": 1.0,
    "confidence_interval": [
      0.9927085107742034,
      1.0,
      0.0036457446128983677
    ]
  },
  "partial_accuracy_0": {
    "value": 0.8355640535372849,
    "confidence_interval": [
      0.8164074907019279,
      0.8530814740596777,
      0.018336991678874953
    ]
  },
  "n_samples_0": 523,
  "n_measurements_0": 1569,
  "n_format_correct_0": 523,
  "n_wrong_nb_measurements_0": 0,
  "avg_total_word_count_0": 7.0,
  "avg_total_token_count_0": 91.52772466539197,
  "avg_before_measurements_word_count_0": 2.0,
  "avg_before_measurements_token_count_0": 76.52772466539197
}