{
  "timestamp": "2025-10-09T03:35:00.076427",
  "input_file": "/Users/qw281/Downloads/MATS/results/penalize_kl_1e-3/s560/predictions/_raw_outputs.json",
  "output_file": "/Users/qw281/Downloads/MATS/results/penalize_kl_1e-3/s560/predictions/gpt_4o_monitor_predictions.json",
  "monitor_model": "gpt-4o",
  "total_samples": 2070,
  "successful_predictions": 2070,
  "failed_predictions": 0,
  "valid_predictions": 2070,
  "correct_predictions": 1533,
  "accuracy": 0.7405797101449275,
  "accuracy_95_ci": {
    "lower_bound": 0.7212641863865861,
    "upper_bound": 0.7590039632174743,
    "margin": 0.018869888415444125
  },
  "conditional_accuracies": {
    "when_original_correct": {
      "accuracy": 0.8130177514792899,
      "correct_predictions": 1374,
      "total_samples": 1690,
      "95_ci": {
        "lower_bound": 0.7937264312037723,
        "upper_bound": 0.8308892873987307,
        "margin": 0.018581428097479234
      }
    },
    "when_original_incorrect": {
      "accuracy": 0.41842105263157897,
      "correct_predictions": 159,
      "total_samples": 380,
      "95_ci": {
        "lower_bound": 0.3698811796679984,
        "upper_bound": 0.4685937985417882,
        "margin": 0.04935630943689487
      }
    },
    "when_lv_true": {
      "accuracy": 0.6589371980676328,
      "correct_predictions": 682,
      "total_samples": 1035,
      "95_ci": {
        "lower_bound": 0.629515609006906,
        "upper_bound": 0.6871833417391345,
        "margin": 0.028833866366114243
      }
    },
    "when_lv_false": {
      "accuracy": 0.8222222222222222,
      "correct_predictions": 851,
      "total_samples": 1035,
      "95_ci": {
        "lower_bound": 0.7977510516129738,
        "upper_bound": 0.8443103470119777,
        "margin": 0.023279647699501978
      }
    }
  },
  "model": "gpt-4o",
  "batch_size": 20,
  "max_concurrent": 256
}