{
  "checkpoint": "huggingface",
  "num_samples": 2500,
  "temperature": 0.1,
  "timestamp": "2025-09-25T08:08:49.134082",
  "dataset_name": "function_correctness",
  "dataset_set": "val",
  "has_kl": false,
  "measurement-wise_accuracy_-1": {
    "value": 0.8175268253968259,
    "confidence_interval": [
      0.8053168970314726,
      0.8297367537621791,
      0.012209928365353274
    ]
  },
  "all_correct_accuracy_-1": {
    "value": 0.5308,
    "confidence_interval": [
      0.5112052825698995,
      0.5503002091046948,
      0.019547463267397605
    ]
  },
  "format_accuracy_-1": {
    "value": 0.9852,
    "confidence_interval": [
      0.9796676263205975,
      0.9892435607090488,
      0.004787967194225645
    ]
  },
  "partial_accuracy_-1": {
    "value": 0.8141259825085797,
    "confidence_interval": [
      0.8083869420843577,
      0.8197314631526491,
      0.005672260534145723
    ]
  },
  "n_samples_-1": 2500,
  "n_measurements_-1": 18066,
  "n_format_correct_-1": 2463,
  "n_wrong_nb_measurements_-1": 370,
  "avg_total_word_count_-1": 660.8416,
  "avg_total_token_count_-1": 1175.466,
  "avg_before_measurements_word_count_-1": 650.696,
  "avg_before_measurements_token_count_-1": 1150.2472,
  "measurement-wise_accuracy_overall": {
    "value": 0.8175268253968259,
    "confidence_interval": [
      0.8053168970314726,
      0.8297367537621791,
      0.012209928365353274
    ]
  },
  "all_correct_accuracy_overall": {
    "value": 0.5308,
    "confidence_interval": [
      0.5112052825698995,
      0.5503002091046948,
      0.019547463267397605
    ]
  },
  "format_accuracy_overall": {
    "value": 0.9852,
    "confidence_interval": [
      0.9796676263205975,
      0.9892435607090488,
      0.004787967194225645
    ]
  },
  "partial_accuracy_overall": {
    "value": 0.8141259825085797,
    "confidence_interval": [
      0.8083869420843577,
      0.8197314631526491,
      0.005672260534145723
    ]
  },
  "n_samples_overall": 2500,
  "n_measurements_overall": 18066,
  "n_format_correct_overall": 2463,
  "n_wrong_nb_measurements_overall": 370,
  "avg_total_word_count_overall": 660.8416,
  "avg_total_token_count_overall": 1175.466,
  "avg_before_measurements_word_count_overall": 650.696,
  "avg_before_measurements_token_count_overall": 1150.2472,
  "group_metrics": {
    "all_false_lv_false": {
      "measurement-wise_accuracy": {
        "value": 0.8165379930850228,
        "confidence_interval": [
          0.7921296214005643,
          0.8409463647694814,
          0.02440837168445849
        ]
      },
      "all_correct_accuracy": {
        "value": 0.6336633663366337,
        "confidence_interval": [
          0.5998826185676285,
          0.6661791816190339,
          0.03314828152570272
        ],
        "correct_count": 512
      },
      "format_accuracy": {
        "value": 0.9900990099009901,
        "confidence_interval": [
          0.9805852845053049,
          0.994974649512457,
          0.007194682503576029
        ],
        "format_correct_count": 800
      },
      "n_samples": 808
    },
    "mixed_lv_false": {
      "measurement-wise_accuracy": {
        "value": 0.8041610111978281,
        "confidence_interval": [
          0.7870738103851171,
          0.8212482120105391,
          0.017087200812711006
        ]
      },
      "all_correct_accuracy": {
        "value": 0.4323040380047506,
        "confidence_interval": [
          0.3992247021297147,
          0.46599826748099304,
          0.03338678267563915
        ],
        "correct_count": 364
      },
      "format_accuracy": {
        "value": 0.9833729216152018,
        "confidence_interval": [
          0.9722851225569451,
          0.9900701646087031,
          0.008892521025878982
        ],
        "format_correct_count": 828
      },
      "n_samples": 842
    },
    "all_true_lv_true": {
      "measurement-wise_accuracy": {
        "value": 0.8278368571846833,
        "confidence_interval": [
          0.8048907242322116,
          0.8507829901371549,
          0.022946132952471665
        ]
      },
      "all_correct_accuracy": {
        "value": 0.5322793148880105,
        "confidence_interval": [
          0.4967089926339201,
          0.5675245377194917,
          0.03540777254278585
        ],
        "correct_count": 404
      },
      "format_accuracy": {
        "value": 0.9841897233201581,
        "confidence_interval": [
          0.9725698398250753,
          0.9909331154761019,
          0.009181637825513279
        ],
        "format_correct_count": 747
      },
      "n_samples": 759
    },
    "all_true_lv_false": {
      "measurement-wise_accuracy": {
        "value": 0.8639848246991105,
        "confidence_interval": [
          0.7992325355732551,
          0.9287371138249659,
          0.06475228912585537
        ]
      },
      "all_correct_accuracy": {
        "value": 0.5164835164835165,
        "confidence_interval": [
          0.4152403166495234,
          0.6163914194846896,
          0.10057555141758308
        ],
        "correct_count": 47
      },
      "format_accuracy": {
        "value": 0.967032967032967,
        "confidence_interval": [
          0.907506930570377,
          0.9887255932323175,
          0.04060933133097024
        ],
        "format_correct_count": 88
      },
      "n_samples": 91
    }
  }
}