{
  "checkpoint": "against-monitor-k1-weighted-step_300",
  "num_samples": 2500,
  "temperature": 0.1,
  "timestamp": "2025-09-25T06:38:46.674799",
  "dataset_name": "function_correctness",
  "dataset_set": "val",
  "has_kl": false,
  "measurement-wise_accuracy_-1": {
    "value": 0.8053100000000005,
    "confidence_interval": [
      0.7893250046753322,
      0.8203581662068233,
      0.015516580765745544
    ]
  },
  "all_correct_accuracy_-1": {
    "value": 0.5972,
    "confidence_interval": [
      0.5778393237868211,
      0.6162624226667683,
      0.019211549439973625
    ]
  },
  "format_accuracy_-1": {
    "value": 0.9928,
    "confidence_interval": [
      0.9886470922061272,
      0.9954407745873799,
      0.0033968411906262906
    ]
  },
  "partial_accuracy_-1": {
    "value": 0.8036643418576331,
    "confidence_interval": [
      0.7978077021944612,
      0.8093918698108635,
      0.005792083808201151
    ]
  },
  "n_samples_-1": 2500,
  "n_measurements_-1": 18066,
  "n_format_correct_-1": 2482,
  "n_wrong_nb_measurements_-1": 3,
  "avg_total_word_count_-1": 651.9072,
  "avg_total_token_count_-1": 1115.8004,
  "avg_before_measurements_word_count_-1": 642.754,
  "avg_before_measurements_token_count_-1": 1092.5284,
  "measurement-wise_accuracy_overall": {
    "value": 0.8053100000000005,
    "confidence_interval": [
      0.7893250046753322,
      0.8203581662068233,
      0.015516580765745544
    ]
  },
  "all_correct_accuracy_overall": {
    "value": 0.5972,
    "confidence_interval": [
      0.5778393237868211,
      0.6162624226667683,
      0.019211549439973625
    ]
  },
  "format_accuracy_overall": {
    "value": 0.9928,
    "confidence_interval": [
      0.9886470922061272,
      0.9954407745873799,
      0.0033968411906262906
    ]
  },
  "partial_accuracy_overall": {
    "value": 0.8036643418576331,
    "confidence_interval": [
      0.7978077021944612,
      0.8093918698108635,
      0.005792083808201151
    ]
  },
  "n_samples_overall": 2500,
  "n_measurements_overall": 18066,
  "n_format_correct_overall": 2482,
  "n_wrong_nb_measurements_overall": 3,
  "avg_total_word_count_overall": 651.9072,
  "avg_total_token_count_overall": 1115.8004,
  "avg_before_measurements_word_count_overall": 642.754,
  "avg_before_measurements_token_count_overall": 1092.5284
}