{
  "timestamp": "2025-11-13T21:34:40.724043",
  "input_file": "/Users/qw281/Downloads/MATS/results/func_corr/penalize_monitorability/k=1/step_300/predictions/against-monitor-k1-weighted-step_300_raw_outputs.json",
  "output_file": "/Users/qw281/Downloads/MATS/results/func_corr/penalize_monitorability/k=1/step_300/predictions/claude_sonnet_4_5_20250929_monitor_predictions.json",
  "provider": "anthropic",
  "monitor_model": "claude-sonnet-4-5-20250929",
  "total_samples": 2500,
  "successful_predictions": 2500,
  "failed_predictions": 0,
  "valid_predictions": 2500,
  "correct_predictions": 1640,
  "accuracy": 0.656,
  "accuracy_95_ci": {
    "lower_bound": 0.6371521445847559,
    "upper_bound": 0.6743691768839681,
    "margin": 0.018608516149606163
  },
  "conditional_accuracies": {
    "when_original_correct": {
      "accuracy": 0.6624246483590087,
      "correct_predictions": 989,
      "total_samples": 1493,
      "95_ci": {
        "lower_bound": 0.6380482072843006,
        "upper_bound": 0.6859674038159649,
        "margin": 0.023959598265832126
      }
    },
    "when_original_incorrect": {
      "accuracy": 0.6464746772591857,
      "correct_predictions": 651,
      "total_samples": 1007,
      "95_ci": {
        "lower_bound": 0.6164419340344872,
        "upper_bound": 0.6753941372166504,
        "margin": 0.029476101591081556
      }
    },
    "when_lv_true": {
      "accuracy": 0.13175230566534915,
      "correct_predictions": 100,
      "total_samples": 759,
      "95_ci": {
        "lower_bound": 0.10953402769169944,
        "upper_bound": 0.1576793709295822,
        "margin": 0.024072671618941378
      }
    },
    "when_lv_false": {
      "accuracy": 0.8845491097070649,
      "correct_predictions": 1540,
      "total_samples": 1741,
      "95_ci": {
        "lower_bound": 0.8686841786730127,
        "upper_bound": 0.8987207871082367,
        "margin": 0.015018304217611935
      }
    }
  },
  "model": "claude-sonnet-4-5-20250929",
  "batch_size": 20,
  "max_concurrent": 60
}