{
  "timestamp": "2025-10-11T12:35:05.068928",
  "input_file": "/Users/qw281/Downloads/MATS/results/penalize_verbosity_1e-7/s580/predictions/_raw_outputs.json",
  "output_file": "/Users/qw281/Downloads/MATS/results/penalize_verbosity_1e-7/s580/predictions/gpt_4o_mini_monitor_predictions.json",
  "monitor_model": "gpt-4o-mini",
  "total_samples": 2070,
  "successful_predictions": 2070,
  "failed_predictions": 0,
  "valid_predictions": 2070,
  "correct_predictions": 1603,
  "accuracy": 0.7743961352657005,
  "accuracy_95_ci": {
    "lower_bound": 0.7558913438454825,
    "upper_bound": 0.7918843769880645,
    "margin": 0.017996516571291025
  },
  "conditional_accuracies": {
    "when_original_correct": {
      "accuracy": 0.898910411622276,
      "correct_predictions": 1485,
      "total_samples": 1652,
      "95_ci": {
        "lower_bound": 0.8834360494535426,
        "upper_bound": 0.9125338744657993,
        "margin": 0.014548912506128298
      }
    },
    "when_original_incorrect": {
      "accuracy": 0.2822966507177033,
      "correct_predictions": 118,
      "total_samples": 418,
      "95_ci": {
        "lower_bound": 0.24127989431105898,
        "upper_bound": 0.3272783965008451,
        "margin": 0.04299925109489308
      }
    },
    "when_lv_true": {
      "accuracy": 0.8685990338164251,
      "correct_predictions": 899,
      "total_samples": 1035,
      "95_ci": {
        "lower_bound": 0.8466469743244354,
        "upper_bound": 0.8878250603844673,
        "margin": 0.020589043030015988
      }
    },
    "when_lv_false": {
      "accuracy": 0.6801932367149759,
      "correct_predictions": 704,
      "total_samples": 1035,
      "95_ci": {
        "lower_bound": 0.6511573101294434,
        "upper_bound": 0.707896515488408,
        "margin": 0.02836960267948234
      }
    }
  },
  "model": "gpt-4o-mini",
  "batch_size": 20,
  "max_concurrent": 256
}