{
  "timestamp": "2025-10-11T12:34:49.785040",
  "input_file": "/Users/qw281/Downloads/MATS/results/penalize_verbosity_1e-7/s800/predictions/_raw_outputs.json",
  "output_file": "/Users/qw281/Downloads/MATS/results/penalize_verbosity_1e-7/s800/predictions/gpt_4o_mini_monitor_predictions.json",
  "monitor_model": "gpt-4o-mini",
  "total_samples": 2070,
  "successful_predictions": 2070,
  "failed_predictions": 0,
  "valid_predictions": 2070,
  "correct_predictions": 1660,
  "accuracy": 0.8019323671497585,
  "accuracy_95_ci": {
    "lower_bound": 0.784211134115895,
    "upper_bound": 0.8185350375759479,
    "margin": 0.017161951730026433
  },
  "conditional_accuracies": {
    "when_original_correct": {
      "accuracy": 0.8916083916083916,
      "correct_predictions": 1530,
      "total_samples": 1716,
      "95_ci": {
        "lower_bound": 0.8760154095947089,
        "upper_bound": 0.90545197107978,
        "margin": 0.014718280742535594
      }
    },
    "when_original_incorrect": {
      "accuracy": 0.3672316384180791,
      "correct_predictions": 130,
      "total_samples": 354,
      "95_ci": {
        "lower_bound": 0.31869122143832784,
        "upper_bound": 0.41862261494668107,
        "margin": 0.04996569675417661
      }
    },
    "when_lv_true": {
      "accuracy": 0.8483091787439614,
      "correct_predictions": 878,
      "total_samples": 1035,
      "95_ci": {
        "lower_bound": 0.825169456473595,
        "upper_bound": 0.8688729249485792,
        "margin": 0.02185173423749206
      }
    },
    "when_lv_false": {
      "accuracy": 0.7555555555555555,
      "correct_predictions": 782,
      "total_samples": 1035,
      "95_ci": {
        "lower_bound": 0.7284600246235665,
        "upper_bound": 0.7807610846307055,
        "margin": 0.02615053000356947
      }
    }
  },
  "model": "gpt-4o-mini",
  "batch_size": 20,
  "max_concurrent": 256
}