{
  "timestamp": "2025-10-09T02:03:20.252320",
  "input_file": "/Users/qw281/Downloads/MATS/results/reward_kl_1e-2/s500/predictions/_raw_outputs.json",
  "output_file": "/Users/qw281/Downloads/MATS/results/reward_kl_1e-2/s500/predictions/gpt_4o_mini_monitor_predictions.json",
  "monitor_model": "gpt-4o-mini",
  "total_samples": 2070,
  "successful_predictions": 2070,
  "failed_predictions": 0,
  "valid_predictions": 2070,
  "correct_predictions": 1035,
  "accuracy": 0.5,
  "accuracy_95_ci": {
    "lower_bound": 0.4784805920254053,
    "upper_bound": 0.5215194079745947,
    "margin": 0.021519407974594684
  },
  "conditional_accuracies": {
    "when_original_correct": {
      "accuracy": 0.75,
      "correct_predictions": 6,
      "total_samples": 8,
      "95_ci": {
        "lower_bound": 0.40927543031016883,
        "upper_bound": 0.9285207872478909,
        "margin": 0.25962267846886106
      }
    },
    "when_original_incorrect": {
      "accuracy": 0.49903006789524734,
      "correct_predictions": 1029,
      "total_samples": 2062,
      "95_ci": {
        "lower_bound": 0.47747087717109643,
        "upper_bound": 0.5205928658218999,
        "margin": 0.021560994325401754
      }
    },
    "when_lv_true": {
      "accuracy": 0.0,
      "correct_predictions": 0,
      "total_samples": 1035,
      "95_ci": {
        "lower_bound": 0.0,
        "upper_bound": 0.0036978297199025895,
        "margin": 0.0018489148599512947
      }
    },
    "when_lv_false": {
      "accuracy": 1.0,
      "correct_predictions": 1035,
      "total_samples": 1035,
      "95_ci": {
        "lower_bound": 0.9963021702800973,
        "upper_bound": 0.9999999999999999,
        "margin": 0.0018489148599512947
      }
    }
  },
  "model": "gpt-4o-mini",
  "batch_size": 20,
  "max_concurrent": 256
}