{
  "checkpoint": "",
  "num_samples": 2500,
  "temperature": 0.1,
  "timestamp": "2025-10-07T17:58:12.129044",
  "dataset_name": "diamonds-seed0",
  "dataset_set": "val",
  "has_kl": false,
  "measurement-wise_accuracy_2": {
    "value": 0.004552352048558422,
    "confidence_interval": [
      0.002396864903566964,
      0.008629488933805546,
      0.0031163120151192912
    ]
  },
  "all_correct_accuracy_2": {
    "value": 0.004046535154274153,
    "confidence_interval": [
      0.002051858678260872,
      0.007964823238578073,
      0.002956482280158601
    ]
  },
  "format_accuracy_2": {
    "value": 0.00556398583712696,
    "confidence_interval": [
      0.00310968966971909,
      0.009936008008720553,
      0.0034131591695007314
    ]
  },
  "partial_accuracy_2": {
    "value": 0.004552352048558422,
    "confidence_interval": [
      0.0031306181807264615,
      0.006615465050313671,
      0.0017424234347936047
    ]
  },
  "n_samples_2": 1977,
  "n_measurements_2": 5931,
  "n_format_correct_2": 11,
  "n_wrong_nb_measurements_2": 0,
  "avg_total_word_count_2": 970.6580677794639,
  "avg_total_token_count_2": 1020.8381385938291,
  "avg_before_measurements_word_count_2": 969.2397572078908,
  "avg_before_measurements_token_count_2": 1018.8356095093576,
  "measurement-wise_accuracy_overall": {
    "value": 0.0044,
    "confidence_interval": [
      0.00245868830899749,
      0.007862036563441286,
      0.0027016741272218978
    ]
  },
  "all_correct_accuracy_overall": {
    "value": 0.004,
    "confidence_interval": [
      0.002174194091863516,
      0.0073477581614246855,
      0.002586782034780585
    ]
  },
  "format_accuracy_overall": {
    "value": 0.0056,
    "confidence_interval": [
      0.0033387685145015757,
      0.009378274215388921,
      0.0030197528504436726
    ]
  },
  "partial_accuracy_overall": {
    "value": 0.0044,
    "confidence_interval": [
      0.0031348450797034967,
      0.006172582216564358,
      0.0015188685684304304
    ]
  },
  "n_samples_overall": 2500,
  "n_measurements_overall": 7500,
  "n_format_correct_overall": 14,
  "n_wrong_nb_measurements_overall": 0,
  "avg_total_word_count_overall": 970.4108,
  "avg_total_token_count_overall": 1020.4248,
  "avg_before_measurements_word_count_overall": 969.1052,
  "avg_before_measurements_token_count_overall": 1018.4656,
  "measurement-wise_accuracy_0": {
    "value": 0.0038240917782026767,
    "confidence_interval": [
      0.001049331076487697,
      0.013834575057715947,
      0.006392621990614125
    ]
  },
  "all_correct_accuracy_0": {
    "value": 0.0038240917782026767,
    "confidence_interval": [
      0.001049331076487697,
      0.013834575057715947,
      0.006392621990614125
    ]
  },
  "format_accuracy_0": {
    "value": 0.0057361376673040155,
    "confidence_interval": [
      0.0019526823342896158,
      0.016727432254117477,
      0.007387374959913932
    ]
  },
  "partial_accuracy_0": {
    "value": 0.0038240917782026767,
    "confidence_interval": [
      0.00175375822224911,
      0.00831811439520589,
      0.0032821780864783906
    ]
  },
  "n_samples_0": 523,
  "n_measurements_0": 1569,
  "n_format_correct_0": 3,
  "n_wrong_nb_measurements_0": 0,
  "avg_total_word_count_0": 969.4760994263862,
  "avg_total_token_count_0": 1018.8623326959847,
  "avg_before_measurements_word_count_0": 968.5965583173996,
  "avg_before_measurements_token_count_0": 1017.0669216061185
}