{
  "timestamp": "2025-10-11T12:57:48.829808",
  "input_file": "/Users/qw281/Downloads/MATS/results/reward_verbosity_1e-9/s495/predictions/_raw_outputs.json",
  "output_file": "/Users/qw281/Downloads/MATS/results/reward_verbosity_1e-9/s495/predictions/gpt_4o_mini_monitor_predictions.json",
  "monitor_model": "gpt-4o-mini",
  "total_samples": 2070,
  "successful_predictions": 2070,
  "failed_predictions": 0,
  "valid_predictions": 2070,
  "correct_predictions": 1562,
  "accuracy": 0.7545893719806763,
  "accuracy_95_ci": {
    "lower_bound": 0.7355908723047591,
    "upper_bound": 0.772644699665803,
    "margin": 0.018526913680521975
  },
  "conditional_accuracies": {
    "when_original_correct": {
      "accuracy": 0.881875,
      "correct_predictions": 1411,
      "total_samples": 1600,
      "95_ci": {
        "lower_bound": 0.8651380823268869,
        "upper_bound": 0.8967826133125297,
        "margin": 0.015822265492821362
      }
    },
    "when_original_incorrect": {
      "accuracy": 0.32127659574468087,
      "correct_predictions": 151,
      "total_samples": 470,
      "95_ci": {
        "lower_bound": 0.2806552518371753,
        "upper_bound": 0.36479578062815243,
        "margin": 0.042070264395488575
      }
    },
    "when_lv_true": {
      "accuracy": 0.778743961352657,
      "correct_predictions": 806,
      "total_samples": 1035,
      "95_ci": {
        "lower_bound": 0.7524504906656482,
        "upper_bound": 0.8029759366305993,
        "margin": 0.02526272298247551
      }
    },
    "when_lv_false": {
      "accuracy": 0.7304347826086957,
      "correct_predictions": 756,
      "total_samples": 1035,
      "95_ci": {
        "lower_bound": 0.7025858582482511,
        "upper_bound": 0.7565794897938807,
        "margin": 0.026996815772814778
      }
    }
  },
  "model": "gpt-4o-mini",
  "batch_size": 20,
  "max_concurrent": 256
}