{
  "checkpoint": "",
  "num_samples": 2500,
  "temperature": 0.1,
  "timestamp": "2025-10-08T07:42:57.776716",
  "dataset_name": "diamonds-seed0",
  "dataset_set": "val",
  "has_kl": false,
  "measurement-wise_accuracy_2": {
    "value": 0.8696678469060874,
    "confidence_interval": [
      0.8541075662665095,
      0.8837943289901061,
      0.014843381361798318
    ]
  },
  "all_correct_accuracy_2": {
    "value": 0.8017197774405666,
    "confidence_interval": [
      0.7835669361328771,
      0.8187023644653949,
      0.01756771416625893
    ]
  },
  "format_accuracy_2": {
    "value": 1.0,
    "confidence_interval": [
      0.9980606934474295,
      0.9999999999999999,
      0.0009696532762852109
    ]
  },
  "partial_accuracy_2": {
    "value": 0.8696678469060867,
    "confidence_interval": [
      0.860859861756163,
      0.8779972804987101,
      0.008568709371273533
    ]
  },
  "n_samples_2": 1977,
  "n_measurements_2": 5931,
  "n_format_correct_2": 1977,
  "n_wrong_nb_measurements_2": 0,
  "avg_total_word_count_2": 330.2266059686394,
  "avg_total_token_count_2": 438.5179564997471,
  "avg_before_measurements_word_count_2": 321.3358624178048,
  "avg_before_measurements_token_count_2": 418.2053616590794,
  "measurement-wise_accuracy_overall": {
    "value": 0.8665333333333339,
    "confidence_interval": [
      0.8526385255995469,
      0.8793034510820968,
      0.013332462741275029
    ]
  },
  "all_correct_accuracy_overall": {
    "value": 0.8128,
    "confidence_interval": [
      0.797033751954544,
      0.8276064362212049,
      0.015286342133330494
    ]
  },
  "format_accuracy_overall": {
    "value": 1.0,
    "confidence_interval": [
      0.9984657739382173,
      0.9999999999999999,
      0.0007671130308912304
    ]
  },
  "partial_accuracy_overall": {
    "value": 0.8665333333333334,
    "confidence_interval": [
      0.8586488186009325,
      0.8740425675606387,
      0.007696874479853104
    ]
  },
  "n_samples_overall": 2500,
  "n_measurements_overall": 7500,
  "n_format_correct_overall": 2500,
  "n_wrong_nb_measurements_overall": 0,
  "avg_total_word_count_overall": 327.4376,
  "avg_total_token_count_overall": 433.802,
  "avg_before_measurements_word_count_overall": 319.3608,
  "avg_before_measurements_token_count_overall": 414.6008,
  "measurement-wise_accuracy_0": {
    "value": 0.8546845124282982,
    "confidence_interval": [
      0.8218943073273538,
      0.8823023609273869,
      0.03020402680001651
    ]
  },
  "all_correct_accuracy_0": {
    "value": 0.8546845124282982,
    "confidence_interval": [
      0.8218943073273538,
      0.8823023609273869,
      0.03020402680001651
    ]
  },
  "format_accuracy_0": {
    "value": 1.0,
    "confidence_interval": [
      0.9927085107742034,
      1.0,
      0.0036457446128983677
    ]
  },
  "partial_accuracy_0": {
    "value": 0.8546845124282982,
    "confidence_interval": [
      0.8363800676223072,
      0.871256416498934,
      0.017438174438313435
    ]
  },
  "n_samples_0": 523,
  "n_measurements_0": 1569,
  "n_format_correct_0": 523,
  "n_wrong_nb_measurements_0": 0,
  "avg_total_word_count_0": 316.89483747609944,
  "avg_total_token_count_0": 415.9751434034417,
  "avg_before_measurements_word_count_0": 311.89483747609944,
  "avg_before_measurements_token_count_0": 400.9751434034417
}