{
  "timestamp": "2025-10-09T03:03:41.030069",
  "input_file": "/Users/qw281/Downloads/MATS/results/penalize_kl_1e-3/s540/predictions/_raw_outputs.json",
  "output_file": "/Users/qw281/Downloads/MATS/results/penalize_kl_1e-3/s540/predictions/gpt_4o_mini_monitor_predictions.json",
  "monitor_model": "gpt-4o-mini",
  "total_samples": 2070,
  "successful_predictions": 2070,
  "failed_predictions": 0,
  "valid_predictions": 2070,
  "correct_predictions": 1602,
  "accuracy": 0.7739130434782608,
  "accuracy_95_ci": {
    "lower_bound": 0.7553955453688201,
    "upper_bound": 0.7914157815900198,
    "margin": 0.01801011811059979
  },
  "conditional_accuracies": {
    "when_original_correct": {
      "accuracy": 0.8880239520958084,
      "correct_predictions": 1483,
      "total_samples": 1670,
      "95_ci": {
        "lower_bound": 0.8720006452781073,
        "upper_bound": 0.9022662323705666,
        "margin": 0.015132793546229649
      }
    },
    "when_original_incorrect": {
      "accuracy": 0.2975,
      "correct_predictions": 119,
      "total_samples": 400,
      "95_ci": {
        "lower_bound": 0.25479754409145056,
        "upper_bound": 0.34405493511393953,
        "margin": 0.044628695511244466
      }
    },
    "when_lv_true": {
      "accuracy": 0.8396135265700483,
      "correct_predictions": 869,
      "total_samples": 1035,
      "95_ci": {
        "lower_bound": 0.8160073764587648,
        "upper_bound": 0.8607080106976683,
        "margin": 0.022350317119451752
      }
    },
    "when_lv_false": {
      "accuracy": 0.7082125603864734,
      "correct_predictions": 733,
      "total_samples": 1035,
      "95_ci": {
        "lower_bound": 0.6797886897954059,
        "upper_bound": 0.7350965617898327,
        "margin": 0.027653935997213417
      }
    }
  },
  "model": "gpt-4o-mini",
  "batch_size": 20,
  "max_concurrent": 256
}