{
  "timestamp": "2025-10-08T22:38:52.381504",
  "input_file": "/Users/qw281/Downloads/MATS/results/training_for_monitor/s500/predictions/_raw_outputs.json",
  "output_file": "/Users/qw281/Downloads/MATS/results/training_for_monitor/s500/predictions/gpt_4o_mini_monitor_predictions.json",
  "monitor_model": "gpt-4o-mini",
  "total_samples": 2070,
  "successful_predictions": 2070,
  "failed_predictions": 0,
  "valid_predictions": 2070,
  "correct_predictions": 1611,
  "accuracy": 0.7782608695652173,
  "accuracy_95_ci": {
    "lower_bound": 0.759858972433995,
    "upper_bound": 0.7956318993972074,
    "margin": 0.017886463481606146
  },
  "conditional_accuracies": {
    "when_original_correct": {
      "accuracy": 0.9073842302878599,
      "correct_predictions": 1450,
      "total_samples": 1598,
      "95_ci": {
        "lower_bound": 0.8921773435083048,
        "upper_bound": 0.9206371786970057,
        "margin": 0.014229917594350423
      }
    },
    "when_original_incorrect": {
      "accuracy": 0.3411016949152542,
      "correct_predictions": 161,
      "total_samples": 472,
      "95_ci": {
        "lower_bound": 0.2997692384630546,
        "upper_bound": 0.38499971720601667,
        "margin": 0.04261523937148107
      }
    },
    "when_lv_true": {
      "accuracy": 0.7951690821256039,
      "correct_predictions": 823,
      "total_samples": 1035,
      "95_ci": {
        "lower_bound": 0.769511845705523,
        "upper_bound": 0.8186433485371238,
        "margin": 0.024565751415800457
      }
    },
    "when_lv_false": {
      "accuracy": 0.7613526570048309,
      "correct_predictions": 788,
      "total_samples": 1035,
      "95_ci": {
        "lower_bound": 0.7344476305387793,
        "upper_bound": 0.7863248082259866,
        "margin": 0.02593858884360368
      }
    }
  },
  "model": "gpt-4o-mini",
  "batch_size": 20,
  "max_concurrent": 256
}