{
  "timestamp": "2025-10-09T03:35:24.982039",
  "input_file": "/Users/qw281/Downloads/MATS/results/penalize_kl_1e-3/s760/predictions/_raw_outputs.json",
  "output_file": "/Users/qw281/Downloads/MATS/results/penalize_kl_1e-3/s760/predictions/gpt_4o_monitor_predictions.json",
  "monitor_model": "gpt-4o",
  "total_samples": 2070,
  "successful_predictions": 2070,
  "failed_predictions": 0,
  "valid_predictions": 2070,
  "correct_predictions": 1462,
  "accuracy": 0.706280193236715,
  "accuracy_95_ci": {
    "lower_bound": 0.6862916888226873,
    "upper_bound": 0.7255044956771797,
    "margin": 0.019606403427246205
  },
  "conditional_accuracies": {
    "when_original_correct": {
      "accuracy": 0.7543453070683661,
      "correct_predictions": 1302,
      "total_samples": 1726,
      "95_ci": {
        "lower_bound": 0.7334868006088135,
        "upper_bound": 0.7740741643125437,
        "margin": 0.020293681851865045
      }
    },
    "when_original_incorrect": {
      "accuracy": 0.46511627906976744,
      "correct_predictions": 160,
      "total_samples": 344,
      "95_ci": {
        "lower_bound": 0.41308362571848367,
        "upper_bound": 0.5179194235403123,
        "margin": 0.05241789891091433
      }
    },
    "when_lv_true": {
      "accuracy": 0.5584541062801932,
      "correct_predictions": 578,
      "total_samples": 1035,
      "95_ci": {
        "lower_bound": 0.5280407825112842,
        "upper_bound": 0.5884351233861959,
        "margin": 0.03019717043745589
      }
    },
    "when_lv_false": {
      "accuracy": 0.8541062801932368,
      "correct_predictions": 884,
      "total_samples": 1035,
      "95_ci": {
        "lower_bound": 0.8312911235826126,
        "upper_bound": 0.8743025873500554,
        "margin": 0.02150573188372137
      }
    }
  },
  "model": "gpt-4o",
  "batch_size": 20,
  "max_concurrent": 256
}