{
  "timestamp": "2025-10-08T05:00:46.867427",
  "input_file": "/Users/qw281/Downloads/MATS/results/training_against_monitor/s520/predictions/_raw_outputs.json",
  "output_file": "/Users/qw281/Downloads/MATS/results/training_against_monitor/s520/predictions/gpt_4o_mini_monitor_predictions.json",
  "monitor_model": "gpt-4o-mini",
  "total_samples": 2070,
  "successful_predictions": 2070,
  "failed_predictions": 0,
  "valid_predictions": 2070,
  "correct_predictions": 1447,
  "accuracy": 0.6990338164251207,
  "accuracy_95_ci": {
    "lower_bound": 0.6789207362747582,
    "upper_bound": 0.7184095401045045,
    "margin": 0.01974440191487313
  },
  "conditional_accuracies": {
    "when_original_correct": {
      "accuracy": 0.8495238095238096,
      "correct_predictions": 1338,
      "total_samples": 1575,
      "95_ci": {
        "lower_bound": 0.8310168788523803,
        "upper_bound": 0.8663298964358651,
        "margin": 0.017656508791742426
      }
    },
    "when_original_incorrect": {
      "accuracy": 0.2202020202020202,
      "correct_predictions": 109,
      "total_samples": 495,
      "95_ci": {
        "lower_bound": 0.18592916036999665,
        "upper_bound": 0.2587841947411587,
        "margin": 0.03642751718558102
      }
    },
    "when_lv_true": {
      "accuracy": 0.7971014492753623,
      "correct_predictions": 825,
      "total_samples": 1035,
      "95_ci": {
        "lower_bound": 0.7715230375626233,
        "upper_bound": 0.820482599850188,
        "margin": 0.02447978114378234
      }
    },
    "when_lv_false": {
      "accuracy": 0.6009661835748792,
      "correct_predictions": 622,
      "total_samples": 1035,
      "95_ci": {
        "lower_bound": 0.5708119527685198,
        "upper_bound": 0.630373702872582,
        "margin": 0.029780875052031055
      }
    }
  },
  "model": "gpt-4o-mini",
  "batch_size": 20,
  "max_concurrent": 256
}