{
  "timestamp": "2025-10-09T03:06:47.444731",
  "input_file": "/Users/qw281/Downloads/MATS/results/penalize_kl_1e-3/s480/predictions/_raw_outputs.json",
  "output_file": "/Users/qw281/Downloads/MATS/results/penalize_kl_1e-3/s480/predictions/gpt_4o_mini_monitor_predictions.json",
  "monitor_model": "gpt-4o-mini",
  "total_samples": 2070,
  "successful_predictions": 2070,
  "failed_predictions": 0,
  "valid_predictions": 2070,
  "correct_predictions": 1596,
  "accuracy": 0.7710144927536232,
  "accuracy_95_ci": {
    "lower_bound": 0.7524214701214853,
    "upper_bound": 0.7886034935891129,
    "margin": 0.01809101173381376
  },
  "conditional_accuracies": {
    "when_original_correct": {
      "accuracy": 0.8842231553689263,
      "correct_predictions": 1474,
      "total_samples": 1667,
      "95_ci": {
        "lower_bound": 0.8679727134358249,
        "upper_bound": 0.8987068498688525,
        "margin": 0.015367068216513784
      }
    },
    "when_original_incorrect": {
      "accuracy": 0.3027295285359802,
      "correct_predictions": 122,
      "total_samples": 403,
      "95_ci": {
        "lower_bound": 0.25990930277565516,
        "upper_bound": 0.34927506977848133,
        "margin": 0.044682883501413084
      }
    },
    "when_lv_true": {
      "accuracy": 0.8396135265700483,
      "correct_predictions": 869,
      "total_samples": 1035,
      "95_ci": {
        "lower_bound": 0.8160073764587648,
        "upper_bound": 0.8607080106976683,
        "margin": 0.022350317119451752
      }
    },
    "when_lv_false": {
      "accuracy": 0.702415458937198,
      "correct_predictions": 727,
      "total_samples": 1035,
      "95_ci": {
        "lower_bound": 0.6738549108940453,
        "upper_bound": 0.7294790111806995,
        "margin": 0.027812050143327157
      }
    }
  },
  "model": "gpt-4o-mini",
  "batch_size": 20,
  "max_concurrent": 256
}