{
  "timestamp": "2025-10-11T12:34:40.625282",
  "input_file": "/Users/qw281/Downloads/MATS/results/penalize_verbosity_1e-7/s920/predictions/_raw_outputs.json",
  "output_file": "/Users/qw281/Downloads/MATS/results/penalize_verbosity_1e-7/s920/predictions/gpt_4o_mini_monitor_predictions.json",
  "monitor_model": "gpt-4o-mini",
  "total_samples": 2070,
  "successful_predictions": 2070,
  "failed_predictions": 0,
  "valid_predictions": 2070,
  "correct_predictions": 1638,
  "accuracy": 0.7913043478260869,
  "accuracy_95_ci": {
    "lower_bound": 0.7732664724999619,
    "upper_bound": 0.808263033948328,
    "margin": 0.017498280724183062
  },
  "conditional_accuracies": {
    "when_original_correct": {
      "accuracy": 0.8737808376362594,
      "correct_predictions": 1523,
      "total_samples": 1743,
      "95_ci": {
        "lower_bound": 0.8573637184012327,
        "upper_bound": 0.8885540026492312,
        "margin": 0.015595142123999275
      }
    },
    "when_original_incorrect": {
      "accuracy": 0.3516819571865443,
      "correct_predictions": 115,
      "total_samples": 327,
      "95_ci": {
        "lower_bound": 0.30192270356639234,
        "upper_bound": 0.4048855049762649,
        "margin": 0.051481400704936266
      }
    },
    "when_lv_true": {
      "accuracy": 0.8531400966183574,
      "correct_predictions": 883,
      "total_samples": 1035,
      "95_ci": {
        "lower_bound": 0.8302700614663548,
        "upper_bound": 0.8733984278812307,
        "margin": 0.02156418320743788
      }
    },
    "when_lv_false": {
      "accuracy": 0.7294685990338164,
      "correct_predictions": 755,
      "total_samples": 1035,
      "95_ci": {
        "lower_bound": 0.7015929449855784,
        "upper_bound": 0.7556471814714711,
        "margin": 0.027027118242946315
      }
    }
  },
  "model": "gpt-4o-mini",
  "batch_size": 20,
  "max_concurrent": 256
}