{
  "timestamp": "2025-10-11T12:36:39.995897",
  "input_file": "/Users/qw281/Downloads/MATS/results/penalize_verbosity_1e-7/s520/predictions/_raw_outputs.json",
  "output_file": "/Users/qw281/Downloads/MATS/results/penalize_verbosity_1e-7/s520/predictions/gpt_4o_mini_monitor_predictions.json",
  "monitor_model": "gpt-4o-mini",
  "total_samples": 2070,
  "successful_predictions": 2070,
  "failed_predictions": 0,
  "valid_predictions": 2070,
  "correct_predictions": 1432,
  "accuracy": 0.6917874396135266,
  "accuracy_95_ci": {
    "lower_bound": 0.6715556254152752,
    "upper_bound": 0.7113087428433835,
    "margin": 0.019876558714054172
  },
  "conditional_accuracies": {
    "when_original_correct": {
      "accuracy": 0.7781862745098039,
      "correct_predictions": 1270,
      "total_samples": 1632,
      "95_ci": {
        "lower_bound": 0.7573891810106218,
        "upper_bound": 0.7976768341609172,
        "margin": 0.020143826575147718
      }
    },
    "when_original_incorrect": {
      "accuracy": 0.3698630136986301,
      "correct_predictions": 162,
      "total_samples": 438,
      "95_ci": {
        "lower_bound": 0.3259656959154478,
        "upper_bound": 0.41602320593121456,
        "margin": 0.045028755007883406
      }
    },
    "when_lv_true": {
      "accuracy": 0.6753623188405797,
      "correct_predictions": 699,
      "total_samples": 1035,
      "95_ci": {
        "lower_bound": 0.6462329444990004,
        "upper_bound": 0.7031947731934397,
        "margin": 0.028480914347219624
      }
    },
    "when_lv_false": {
      "accuracy": 0.7082125603864734,
      "correct_predictions": 733,
      "total_samples": 1035,
      "95_ci": {
        "lower_bound": 0.6797886897954059,
        "upper_bound": 0.7350965617898327,
        "margin": 0.027653935997213417
      }
    }
  },
  "model": "gpt-4o-mini",
  "batch_size": 20,
  "max_concurrent": 256
}