{
  "timestamp": "2025-10-11T12:35:11.704632",
  "input_file": "/Users/qw281/Downloads/MATS/results/penalize_verbosity_1e-7/s540/predictions/_raw_outputs.json",
  "output_file": "/Users/qw281/Downloads/MATS/results/penalize_verbosity_1e-7/s540/predictions/gpt_4o_mini_monitor_predictions.json",
  "monitor_model": "gpt-4o-mini",
  "total_samples": 2070,
  "successful_predictions": 2070,
  "failed_predictions": 0,
  "valid_predictions": 2070,
  "correct_predictions": 1551,
  "accuracy": 0.7492753623188406,
  "accuracy_95_ci": {
    "lower_bound": 0.7301535805304371,
    "upper_bound": 0.7674736588183484,
    "margin": 0.018660039143955618
  },
  "conditional_accuracies": {
    "when_original_correct": {
      "accuracy": 0.8854357099329677,
      "correct_predictions": 1453,
      "total_samples": 1641,
      "95_ci": {
        "lower_bound": 0.8691174475184555,
        "upper_bound": 0.8999536342057186,
        "margin": 0.01541809334363149
      }
    },
    "when_original_incorrect": {
      "accuracy": 0.22843822843822845,
      "correct_predictions": 98,
      "total_samples": 429,
      "95_ci": {
        "lower_bound": 0.19122433878112116,
        "upper_bound": 0.27047232808895116,
        "margin": 0.03962399465391501
      }
    },
    "when_lv_true": {
      "accuracy": 0.885024154589372,
      "correct_predictions": 916,
      "total_samples": 1035,
      "95_ci": {
        "lower_bound": 0.8641503387120788,
        "upper_bound": 0.9030504629432232,
        "margin": 0.01945006211557216
      }
    },
    "when_lv_false": {
      "accuracy": 0.6135265700483091,
      "correct_predictions": 635,
      "total_samples": 1035,
      "95_ci": {
        "lower_bound": 0.5834930045833309,
        "upper_bound": 0.6427205316638409,
        "margin": 0.02961376354025507
      }
    }
  },
  "model": "gpt-4o-mini",
  "batch_size": 20,
  "max_concurrent": 256
}