{
  "timestamp": "2025-10-11T12:34:31.434569",
  "input_file": "/Users/qw281/Downloads/MATS/results/penalize_verbosity_1e-7/s700/predictions/_raw_outputs.json",
  "output_file": "/Users/qw281/Downloads/MATS/results/penalize_verbosity_1e-7/s700/predictions/gpt_4o_mini_monitor_predictions.json",
  "monitor_model": "gpt-4o-mini",
  "total_samples": 2070,
  "successful_predictions": 2070,
  "failed_predictions": 0,
  "valid_predictions": 2070,
  "correct_predictions": 1627,
  "accuracy": 0.7859903381642512,
  "accuracy_95_ci": {
    "lower_bound": 0.7678009771624682,
    "upper_bound": 0.8031201966640454,
    "margin": 0.01765960975078865
  },
  "conditional_accuracies": {
    "when_original_correct": {
      "accuracy": 0.8967587034813925,
      "correct_predictions": 1494,
      "total_samples": 1666,
      "95_ci": {
        "lower_bound": 0.8812234263136516,
        "upper_bound": 0.910468499298045,
        "margin": 0.014622536492196673
      }
    },
    "when_original_incorrect": {
      "accuracy": 0.3292079207920792,
      "correct_predictions": 133,
      "total_samples": 404,
      "95_ci": {
        "lower_bound": 0.2851812486216394,
        "upper_bound": 0.3764519742511947,
        "margin": 0.04563536281477765
      }
    },
    "when_lv_true": {
      "accuracy": 0.851207729468599,
      "correct_predictions": 881,
      "total_samples": 1035,
      "95_ci": {
        "lower_bound": 0.8282288858818156,
        "upper_bound": 0.8715891602956054,
        "margin": 0.021680137206894903
      }
    },
    "when_lv_false": {
      "accuracy": 0.7207729468599033,
      "correct_predictions": 746,
      "total_samples": 1035,
      "95_ci": {
        "lower_bound": 0.6926639091996156,
        "upper_bound": 0.7472492229916929,
        "margin": 0.027292656896038645
      }
    }
  },
  "model": "gpt-4o-mini",
  "batch_size": 20,
  "max_concurrent": 256
}