{
  "timestamp": "2025-10-09T02:53:58.533565",
  "input_file": "/Users/qw281/Downloads/MATS/results/penalize_kl_1e-3/s600/predictions/_raw_outputs.json",
  "output_file": "/Users/qw281/Downloads/MATS/results/penalize_kl_1e-3/s600/predictions/gpt_4o_mini_monitor_predictions.json",
  "monitor_model": "gpt-4o-mini",
  "total_samples": 2070,
  "successful_predictions": 2070,
  "failed_predictions": 0,
  "valid_predictions": 2070,
  "correct_predictions": 1622,
  "accuracy": 0.7835748792270532,
  "accuracy_95_ci": {
    "lower_bound": 0.7653181196740134,
    "upper_bound": 0.8007810847789655,
    "margin": 0.017731482552476068
  },
  "conditional_accuracies": {
    "when_original_correct": {
      "accuracy": 0.8938053097345132,
      "correct_predictions": 1515,
      "total_samples": 1695,
      "95_ci": {
        "lower_bound": 0.8782375572293065,
        "upper_bound": 0.9075920992512535,
        "margin": 0.014677271010973528
      }
    },
    "when_original_incorrect": {
      "accuracy": 0.2853333333333333,
      "correct_predictions": 107,
      "total_samples": 375,
      "95_ci": {
        "lower_bound": 0.2419856419958349,
        "upper_bound": 0.33303447195583963,
        "margin": 0.045524414980002384
      }
    },
    "when_lv_true": {
      "accuracy": 0.8367149758454107,
      "correct_predictions": 866,
      "total_samples": 1035,
      "95_ci": {
        "lower_bound": 0.8129585530888926,
        "upper_bound": 0.8579811693122937,
        "margin": 0.02251130811170053
      }
    },
    "when_lv_false": {
      "accuracy": 0.7304347826086957,
      "correct_predictions": 756,
      "total_samples": 1035,
      "95_ci": {
        "lower_bound": 0.7025858582482511,
        "upper_bound": 0.7565794897938807,
        "margin": 0.026996815772814778
      }
    }
  },
  "model": "gpt-4o-mini",
  "batch_size": 20,
  "max_concurrent": 256
}