{
  "checkpoint": "",
  "num_samples": 2500,
  "temperature": 0.1,
  "timestamp": "2025-10-07T16:32:29.189208",
  "dataset_name": "diamonds-seed0",
  "dataset_set": "val",
  "has_kl": false,
  "measurement-wise_accuracy_2": {
    "value": 0.8172314955319515,
    "confidence_interval": [
      0.7995856841978584,
      0.8336468886301109,
      0.01703060221612628
    ]
  },
  "all_correct_accuracy_2": {
    "value": 0.7369752149721801,
    "confidence_interval": [
      0.7171215319697218,
      0.7559097628002537,
      0.019394115415265888
    ]
  },
  "format_accuracy_2": {
    "value": 1.0,
    "confidence_interval": [
      0.9980606934474295,
      0.9999999999999999,
      0.0009696532762852109
    ]
  },
  "partial_accuracy_2": {
    "value": 0.8172314955319507,
    "confidence_interval": [
      0.8071914531256517,
      0.826860867582464,
      0.00983470722840616
    ]
  },
  "n_samples_2": 1977,
  "n_measurements_2": 5931,
  "n_format_correct_2": 1977,
  "n_wrong_nb_measurements_2": 0,
  "avg_total_word_count_2": 316.88366211431463,
  "avg_total_token_count_2": 411.1310065756196,
  "avg_before_measurements_word_count_2": 310.27212948912495,
  "avg_before_measurements_token_count_2": 393.79564997470914,
  "measurement-wise_accuracy_overall": {
    "value": 0.8194666666666679,
    "confidence_interval": [
      0.8039028719691574,
      0.8340501931924369,
      0.015073660611639684
    ]
  },
  "all_correct_accuracy_overall": {
    "value": 0.756,
    "confidence_interval": [
      0.7387797683793298,
      0.7724347078770375,
      0.01682746974885388
    ]
  },
  "format_accuracy_overall": {
    "value": 1.0,
    "confidence_interval": [
      0.9984657739382173,
      0.9999999999999999,
      0.0007671130308912304
    ]
  },
  "partial_accuracy_overall": {
    "value": 0.8194666666666667,
    "confidence_interval": [
      0.8105989529019346,
      0.8280072898201913,
      0.00870416845912841
    ]
  },
  "n_samples_overall": 2500,
  "n_measurements_overall": 7500,
  "n_format_correct_overall": 2500,
  "n_wrong_nb_measurements_overall": 0,
  "avg_total_word_count_overall": 313.672,
  "avg_total_token_count_overall": 405.9012,
  "avg_before_measurements_word_count_overall": 307.3976,
  "avg_before_measurements_token_count_overall": 389.0544,
  "measurement-wise_accuracy_0": {
    "value": 0.8279158699808795,
    "confidence_interval": [
      0.7932054698273008,
      0.8578442800685915,
      0.032319405120645336
    ]
  },
  "all_correct_accuracy_0": {
    "value": 0.8279158699808795,
    "confidence_interval": [
      0.7932054698273008,
      0.8578442800685915,
      0.032319405120645336
    ]
  },
  "format_accuracy_0": {
    "value": 1.0,
    "confidence_interval": [
      0.9927085107742034,
      1.0,
      0.0036457446128983677
    ]
  },
  "partial_accuracy_0": {
    "value": 0.8279158699808795,
    "confidence_interval": [
      0.8084439156111861,
      0.8457860414065651,
      0.01867106289768947
    ]
  },
  "n_samples_0": 523,
  "n_measurements_0": 1569,
  "n_format_correct_0": 523,
  "n_wrong_nb_measurements_0": 0,
  "avg_total_word_count_0": 301.5315487571702,
  "avg_total_token_count_0": 386.131931166348,
  "avg_before_measurements_word_count_0": 296.5315487571702,
  "avg_before_measurements_token_count_0": 371.131931166348
}