{
  "timestamp": "2025-10-11T12:34:42.713361",
  "input_file": "/Users/qw281/Downloads/MATS/results/penalize_verbosity_1e-7/s840/predictions/_raw_outputs.json",
  "output_file": "/Users/qw281/Downloads/MATS/results/penalize_verbosity_1e-7/s840/predictions/gpt_4o_mini_monitor_predictions.json",
  "monitor_model": "gpt-4o-mini",
  "total_samples": 2070,
  "successful_predictions": 2070,
  "failed_predictions": 0,
  "valid_predictions": 2070,
  "correct_predictions": 1650,
  "accuracy": 0.7971014492753623,
  "accuracy_95_ci": {
    "lower_bound": 0.7792339829791307,
    "upper_bound": 0.8138682499656428,
    "margin": 0.017317133493256035
  },
  "conditional_accuracies": {
    "when_original_correct": {
      "accuracy": 0.8755020080321285,
      "correct_predictions": 1526,
      "total_samples": 1743,
      "95_ci": {
        "lower_bound": 0.8591720963225709,
        "upper_bound": 0.8901803955078644,
        "margin": 0.015504149592646777
      }
    },
    "when_original_incorrect": {
      "accuracy": 0.37920489296636084,
      "correct_predictions": 124,
      "total_samples": 327,
      "95_ci": {
        "lower_bound": 0.3283070120527155,
        "upper_bound": 0.4329079206779022,
        "margin": 0.05230045431259331
      }
    },
    "when_lv_true": {
      "accuracy": 0.8444444444444444,
      "correct_predictions": 874,
      "total_samples": 1035,
      "95_ci": {
        "lower_bound": 0.8210944726863767,
        "upper_bound": 0.865247022395468,
        "margin": 0.02207627485454562
      }
    },
    "when_lv_false": {
      "accuracy": 0.7497584541062802,
      "correct_predictions": 776,
      "total_samples": 1035,
      "95_ci": {
        "lower_bound": 0.7224788198799249,
        "upper_bound": 0.7751909598638532,
        "margin": 0.026356069991964184
      }
    }
  },
  "model": "gpt-4o-mini",
  "batch_size": 20,
  "max_concurrent": 256
}