{
  "checkpoint": "",
  "num_samples": 2500,
  "temperature": 0.1,
  "timestamp": "2025-10-01T22:35:45.540764",
  "dataset_name": "diamonds-seed0",
  "dataset_set": "val",
  "has_kl": false,
  "measurement-wise_accuracy_2": {
    "value": 0.8786039453717762,
    "confidence_interval": [
      0.8634688936481796,
      0.8922705388711958,
      0.014400822611508051
    ]
  },
  "all_correct_accuracy_2": {
    "value": 0.8108244815376834,
    "confidence_interval": [
      0.7929639463765712,
      0.8274794487913049,
      0.017257751207366796
    ]
  },
  "format_accuracy_2": {
    "value": 1.0,
    "confidence_interval": [
      0.9980606934474295,
      0.9999999999999999,
      0.0009696532762852109
    ]
  },
  "partial_accuracy_2": {
    "value": 0.8786039453717754,
    "confidence_interval": [
      0.8700463942585185,
      0.8866713767486959,
      0.008312491245088732
    ]
  },
  "n_samples_2": 1977,
  "n_measurements_2": 5931,
  "n_format_correct_2": 1977,
  "n_wrong_nb_measurements_2": 0,
  "avg_total_word_count_2": 5.000505816894284,
  "avg_total_token_count_2": 94.86342943854325,
  "avg_before_measurements_word_count_2": 2.000505816894284,
  "avg_before_measurements_token_count_2": 81.86342943854325,
  "measurement-wise_accuracy_overall": {
    "value": 0.8752000000000011,
    "confidence_interval": [
      0.8616664594970805,
      0.8875822572661601,
      0.012957898884539791
    ]
  },
  "all_correct_accuracy_overall": {
    "value": 0.8216,
    "confidence_interval": [
      0.8061025853611796,
      0.8361106004358818,
      0.015004007537351082
    ]
  },
  "format_accuracy_overall": {
    "value": 1.0,
    "confidence_interval": [
      0.9984657739382173,
      0.9999999999999999,
      0.0007671130308912304
    ]
  },
  "partial_accuracy_overall": {
    "value": 0.8752,
    "confidence_interval": [
      0.8675277706882425,
      0.882488075313453,
      0.007480152312605284
    ]
  },
  "n_samples_overall": 2500,
  "n_measurements_overall": 7500,
  "n_format_correct_overall": 2500,
  "n_wrong_nb_measurements_overall": 0,
  "avg_total_word_count_overall": 5.0004,
  "avg_total_token_count_overall": 94.7228,
  "avg_before_measurements_word_count_overall": 2.0004,
  "avg_before_measurements_token_count_overall": 81.7228,
  "measurement-wise_accuracy_0": {
    "value": 0.8623326959847036,
    "confidence_interval": [
      0.8301511311402084,
      0.8892303709313462,
      0.029539619895568844
    ]
  },
  "all_correct_accuracy_0": {
    "value": 0.8623326959847036,
    "confidence_interval": [
      0.8301511311402084,
      0.8892303709313462,
      0.029539619895568844
    ]
  },
  "format_accuracy_0": {
    "value": 1.0,
    "confidence_interval": [
      0.9927085107742034,
      1.0,
      0.0036457446128983677
    ]
  },
  "partial_accuracy_0": {
    "value": 0.8623326959847036,
    "confidence_interval": [
      0.8443969692708431,
      0.8784985225942523,
      0.01705077666170459
    ]
  },
  "n_samples_0": 523,
  "n_measurements_0": 1569,
  "n_format_correct_0": 523,
  "n_wrong_nb_measurements_0": 0,
  "avg_total_word_count_0": 5.0,
  "avg_total_token_count_0": 94.19120458891014,
  "avg_before_measurements_word_count_0": 2.0,
  "avg_before_measurements_token_count_0": 81.19120458891014
}