{
  "timestamp": "2025-10-09T03:37:15.017872",
  "input_file": "/Users/qw281/Downloads/MATS/results/penalize_kl_1e-3/s660/predictions/_raw_outputs.json",
  "output_file": "/Users/qw281/Downloads/MATS/results/penalize_kl_1e-3/s660/predictions/gpt_4o_monitor_predictions.json",
  "monitor_model": "gpt-4o",
  "total_samples": 2070,
  "successful_predictions": 2070,
  "failed_predictions": 0,
  "valid_predictions": 2070,
  "correct_predictions": 1484,
  "accuracy": 0.7169082125603865,
  "accuracy_95_ci": {
    "lower_bound": 0.6971132481452366,
    "upper_bound": 0.7358996015981835,
    "margin": 0.019393176726473407
  },
  "conditional_accuracies": {
    "when_original_correct": {
      "accuracy": 0.7663551401869159,
      "correct_predictions": 1312,
      "total_samples": 1712,
      "95_ci": {
        "lower_bound": 0.7457281617634745,
        "upper_bound": 0.7857894766008661,
        "margin": 0.02003065741869585
      }
    },
    "when_original_incorrect": {
      "accuracy": 0.48044692737430167,
      "correct_predictions": 172,
      "total_samples": 358,
      "95_ci": {
        "lower_bound": 0.42917550780935915,
        "upper_bound": 0.532133513977065,
        "margin": 0.05147900308385291
      }
    },
    "when_lv_true": {
      "accuracy": 0.5903381642512078,
      "correct_predictions": 611,
      "total_samples": 1035,
      "95_ci": {
        "lower_bound": 0.5600977369733361,
        "upper_bound": 0.6199104812318604,
        "margin": 0.02990637212926215
      }
    },
    "when_lv_false": {
      "accuracy": 0.8434782608695652,
      "correct_predictions": 873,
      "total_samples": 1035,
      "95_ci": {
        "lower_bound": 0.8200764711755845,
        "upper_bound": 0.864339802321178,
        "margin": 0.02213166557279678
      }
    }
  },
  "model": "gpt-4o",
  "batch_size": 20,
  "max_concurrent": 256
}