{
  "timestamp": "2025-10-09T02:54:06.793663",
  "input_file": "/Users/qw281/Downloads/MATS/results/penalize_kl_1e-3/s660/predictions/_raw_outputs.json",
  "output_file": "/Users/qw281/Downloads/MATS/results/penalize_kl_1e-3/s660/predictions/gpt_4o_mini_monitor_predictions.json",
  "monitor_model": "gpt-4o-mini",
  "total_samples": 2070,
  "successful_predictions": 2070,
  "failed_predictions": 0,
  "valid_predictions": 2070,
  "correct_predictions": 1642,
  "accuracy": 0.7932367149758454,
  "accuracy_95_ci": {
    "lower_bound": 0.7752550376695757,
    "upper_bound": 0.8101320442775419,
    "margin": 0.017438503303983135
  },
  "conditional_accuracies": {
    "when_original_correct": {
      "accuracy": 0.8901869158878505,
      "correct_predictions": 1524,
      "total_samples": 1712,
      "95_ci": {
        "lower_bound": 0.8744938768695223,
        "upper_bound": 0.9041328389799941,
        "margin": 0.014819481055235888
      }
    },
    "when_original_incorrect": {
      "accuracy": 0.329608938547486,
      "correct_predictions": 118,
      "total_samples": 358,
      "95_ci": {
        "lower_bound": 0.2829498677734499,
        "upper_bound": 0.37988589350824575,
        "margin": 0.04846801286739795
      }
    },
    "when_lv_true": {
      "accuracy": 0.8318840579710145,
      "correct_predictions": 861,
      "total_samples": 1035,
      "95_ci": {
        "lower_bound": 0.8078827294106846,
        "upper_bound": 0.8534308850650901,
        "margin": 0.02277407782720272
      }
    },
    "when_lv_false": {
      "accuracy": 0.7545893719806763,
      "correct_predictions": 781,
      "total_samples": 1035,
      "95_ci": {
        "lower_bound": 0.7274627167694333,
        "upper_bound": 0.7798331708997562,
        "margin": 0.02618522706516148
      }
    }
  },
  "model": "gpt-4o-mini",
  "batch_size": 20,
  "max_concurrent": 256
}