{
  "checkpoint": "",
  "num_samples": 2500,
  "temperature": 0.1,
  "timestamp": "2025-10-09T17:38:53.363425",
  "dataset_name": "diamonds-seed0",
  "dataset_set": "val",
  "has_kl": false,
  "measurement-wise_accuracy_2": {
    "value": 0.8320687910976231,
    "confidence_interval": [
      0.8149507484400573,
      0.8478988673902292,
      0.01647405947508593
    ]
  },
  "all_correct_accuracy_2": {
    "value": 0.7592311583206879,
    "confidence_interval": [
      0.7398934506028156,
      0.7775634086706367,
      0.018834979033910522
    ]
  },
  "format_accuracy_2": {
    "value": 1.0,
    "confidence_interval": [
      0.9980606934474295,
      0.9999999999999999,
      0.0009696532762852109
    ]
  },
  "partial_accuracy_2": {
    "value": 0.8320687910976227,
    "confidence_interval": [
      0.8223412409904578,
      0.841366463306451,
      0.009512611157996632
    ]
  },
  "n_samples_2": 1977,
  "n_measurements_2": 5931,
  "n_format_correct_2": 1977,
  "n_wrong_nb_measurements_2": 0,
  "avg_total_word_count_2": 856.0682852807283,
  "avg_total_token_count_2": 1023.9934243803743,
  "avg_before_measurements_word_count_2": 353.9564997470915,
  "avg_before_measurements_token_count_2": 449.09104704097115,
  "measurement-wise_accuracy_overall": {
    "value": 0.8316000000000012,
    "confidence_interval": [
      0.8164244836836406,
      0.8457580175921876,
      0.014666766954273444
    ]
  },
  "all_correct_accuracy_overall": {
    "value": 0.774,
    "confidence_interval": [
      0.7571921366740452,
      0.789967107444098,
      0.016387485385026417
    ]
  },
  "format_accuracy_overall": {
    "value": 1.0,
    "confidence_interval": [
      0.9984657739382173,
      0.9999999999999999,
      0.0007671130308912304
    ]
  },
  "partial_accuracy_overall": {
    "value": 0.8316,
    "confidence_interval": [
      0.8229614444027538,
      0.8398990420955463,
      0.008468798846396293
    ]
  },
  "n_samples_overall": 2500,
  "n_measurements_overall": 7500,
  "n_format_correct_overall": 2500,
  "n_wrong_nb_measurements_overall": 0,
  "avg_total_word_count_overall": 858.32,
  "avg_total_token_count_overall": 1023.9948,
  "avg_before_measurements_word_count_overall": 352.3196,
  "avg_before_measurements_token_count_overall": 446.1764,
  "measurement-wise_accuracy_0": {
    "value": 0.8298279158699808,
    "confidence_interval": [
      0.795244713698692,
      0.8596012446514039,
      0.03217826547635596
    ]
  },
  "all_correct_accuracy_0": {
    "value": 0.8298279158699808,
    "confidence_interval": [
      0.795244713698692,
      0.8596012446514039,
      0.03217826547635596
    ]
  },
  "format_accuracy_0": {
    "value": 1.0,
    "confidence_interval": [
      0.9927085107742034,
      1.0,
      0.0036457446128983677
    ]
  },
  "partial_accuracy_0": {
    "value": 0.8298279158699808,
    "confidence_interval": [
      0.810433527721496,
      0.8476111812322187,
      0.01858882675536133
    ]
  },
  "n_samples_0": 523,
  "n_measurements_0": 1569,
  "n_format_correct_0": 523,
  "n_wrong_nb_measurements_0": 0,
  "avg_total_word_count_0": 866.8317399617591,
  "avg_total_token_count_0": 1024.0,
  "avg_before_measurements_word_count_0": 346.131931166348,
  "avg_before_measurements_token_count_0": 435.1586998087954
}