{
  "verbosity_k": 1e-07,
  "description": "Training checkpoint metrics over time for reward verbosity k 1e-7.",
  "num_evaluated_samples": 2500,
  "checkpoints": [
    {
      "step": 200,
      "measurement_accuracy": {
        "mean": 0.828363492063492,
        "std": 0.30318733472394893,
        "t_confidence_interval_95": {
          "lower_bound": 0.8164730079461376,
          "upper_bound": 0.8402539761808464,
          "margin": 0.011890484117354345,
          "method": "t_CI_95",
          "n": 2500
        }
      },
      "monitor_accuracy_gpt_4o_mini": 0.7621870882740448,
      "monitor_accuracy_gpt_4o": 0.7654808959156785,
      "all_correct_accuracy": 0.6536,
      "format_reward": 0.9916,
      "num_wrong_measurements": 0.0008,
      "num_words_before_measurements": {
        "mean": 643.706,
        "std": 167.73263833851777,
        "se": 3.3546527667703554
      },
      "notes": "",
      "monitor_accuracy_gpt_4o_mini_ci_95": {
        "lower_bound": 0.7449126295907941,
        "upper_bound": 0.778283435952832,
        "margin": 0.01668540318101892,
        "method": "wilson_95",
        "n": 2500
      },
      "monitor_accuracy_gpt_4o_ci_95": {
        "lower_bound": 0.748594524664991,
        "upper_bound": 0.7817904944509901,
        "margin": 0.016597984892999566,
        "method": "wilson_95",
        "n": 2500
      },
      "kl_values": {
        "se": 0.0
      }
    },
    {
      "step": 220,
      "measurement_accuracy": {
        "mean": 0.7898107936507937,
        "std": 0.351942698198468,
        "t_confidence_interval_95": {
          "lower_bound": 0.7760082083054727,
          "upper_bound": 0.8036133789961146,
          "margin": 0.013802585345321024,
          "method": "t_CI_95",
          "n": 2500
        }
      },
      "monitor_accuracy_gpt_4o_mini": 0.7852437417654808,
      "monitor_accuracy_gpt_4o": 0.7602108036890646,
      "all_correct_accuracy": 0.6388,
      "format_reward": 0.9372,
      "num_wrong_measurements": 0.0004,
      "num_words_before_measurements": {
        "mean": 831.2804,
        "std": 182.81880695333288,
        "se": 3.6563761390666576
      },
      "notes": "",
      "monitor_accuracy_gpt_4o_mini_ci_95": {
        "lower_bound": 0.7686703443854005,
        "upper_bound": 0.8008545330689588,
        "margin": 0.016092094341779176,
        "method": "wilson_95",
        "n": 2500
      },
      "monitor_accuracy_gpt_4o_ci_95": {
        "lower_bound": 0.7432767594986812,
        "upper_bound": 0.7767242155683424,
        "margin": 0.016723728034830625,
        "method": "wilson_95",
        "n": 2500
      },
      "kl_values": {
        "se": 0.0
      }
    },
    {
      "step": 240,
      "measurement_accuracy": {
        "mean": 0.767925873015873,
        "std": 0.3631798853543537,
        "t_confidence_interval_95": {
          "lower_bound": 0.7536825845800932,
          "upper_bound": 0.7821691614516528,
          "margin": 0.014243288435779778,
          "method": "t_CI_95",
          "n": 2500
        }
      },
      "monitor_accuracy_gpt_4o_mini": 0.7569169960474308,
      "monitor_accuracy_gpt_4o": 0.7252964426877471,
      "all_correct_accuracy": 0.6012,
      "format_reward": 0.9256,
      "num_wrong_measurements": 0.0,
      "num_words_before_measurements": {
        "mean": 991.5372,
        "std": 160.5754595701348,
        "se": 3.211509191402696
      },
      "notes": "",
      "monitor_accuracy_gpt_4o_mini_ci_95": {
        "lower_bound": 0.7395972242684634,
        "upper_bound": 0.7732147972262051,
        "margin": 0.016808786478870814,
        "method": "wilson_95",
        "n": 2500
      },
      "monitor_accuracy_gpt_4o_ci_95": {
        "lower_bound": 0.7073654227064194,
        "upper_bound": 0.7423435618753536,
        "margin": 0.017489069584467096,
        "method": "wilson_95",
        "n": 2500
      },
      "kl_values": {
        "se": 0.0
      }
    },
    {
      "step": 280,
      "measurement_accuracy": {
        "mean": 0.7974007936507937,
        "std": 0.33015106263513383,
        "t_confidence_interval_95": {
          "lower_bound": 0.784452838650744,
          "upper_bound": 0.8103487486508435,
          "margin": 0.012947955000049773,
          "method": "t_CI_95",
          "n": 2500
        }
      },
      "monitor_accuracy_gpt_4o_mini": 0.741106719367589,
      "monitor_accuracy_gpt_4o": 0.7470355731225297,
      "all_correct_accuracy": 0.614,
      "format_reward": 0.972,
      "num_wrong_measurements": 0.0008,
      "num_words_before_measurements": {
        "mean": 1113.7508,
        "std": 145.2493521478151,
        "se": 2.904987042956302
      },
      "notes": "",
      "monitor_accuracy_gpt_4o_mini_ci_95": {
        "lower_bound": 0.7236708039106138,
        "upper_bound": 0.7579890854371824,
        "margin": 0.01715914076328434,
        "method": "wilson_95",
        "n": 2500
      },
      "monitor_accuracy_gpt_4o_ci_95": {
        "lower_bound": 0.7297929058263385,
        "upper_bound": 0.7638485728087162,
        "margin": 0.017027833491188835,
        "method": "wilson_95",
        "n": 2500
      },
      "kl_values": {
        "se": 0.0
      }
    },
    {
      "step": 300,
      "measurement_accuracy": {
        "mean": 0.7959911111111111,
        "std": 0.32879534638599955,
        "t_confidence_interval_95": {
          "lower_bound": 0.7830963249630605,
          "upper_bound": 0.8088858972591617,
          "margin": 0.01289478614805057,
          "method": "t_CI_95",
          "n": 2500
        }
      },
      "monitor_accuracy_gpt_4o_mini": 0.7503293807641633,
      "monitor_accuracy_gpt_4o": 0.7457180500658761,
      "all_correct_accuracy": 0.6044,
      "format_reward": 0.9744,
      "num_wrong_measurements": 0.0008,
      "num_words_before_measurements": {
        "mean": 1189.7908,
        "std": 153.97244375328984,
        "se": 3.079448875065797
      },
      "notes": "",
      "monitor_accuracy_gpt_4o_mini_ci_95": {
        "lower_bound": 0.733059772391456,
        "upper_bound": 0.7669718871968032,
        "margin": 0.01695605740267364,
        "method": "wilson_95",
        "n": 2500
      },
      "monitor_accuracy_gpt_4o_ci_95": {
        "lower_bound": 0.7281599304990811,
        "upper_bound": 0.7622864576593713,
        "margin": 0.01706326358014512,
        "method": "wilson_95",
        "n": 2500
      },
      "kl_values": {
        "se": 0.0
      }
    },
    {
      "step": 320,
      "measurement_accuracy": {
        "mean": 0.77012,
        "std": 0.3438112901530203,
        "t_confidence_interval_95": {
          "lower_bound": 0.7566363144474562,
          "upper_bound": 0.7836036855525439,
          "margin": 0.013483685552543876,
          "method": "t_CI_95",
          "n": 2500
        }
      },
      "monitor_accuracy_gpt_4o_mini": 0.7338603425559947,
      "monitor_accuracy_gpt_4o": 0.7404479578392622,
      "all_correct_accuracy": 0.5712,
      "format_reward": 0.9664,
      "num_wrong_measurements": 0.0016,
      "num_words_before_measurements": {
        "mean": 1244.8232,
        "std": 152.84786927451754,
        "se": 3.056957385490351
      },
      "notes": "",
      "monitor_accuracy_gpt_4o_mini_ci_95": {
        "lower_bound": 0.7163298004840312,
        "upper_bound": 0.7509521817190546,
        "margin": 0.01731119061751173,
        "method": "wilson_95",
        "n": 2500
      },
      "monitor_accuracy_gpt_4o_ci_95": {
        "lower_bound": 0.7228548420782911,
        "upper_bound": 0.7572075020312038,
        "margin": 0.017176329976456337,
        "method": "wilson_95",
        "n": 2500
      },
      "kl_values": {
        "se": 0.0
      }
    },
    {
      "step": 340,
      "measurement_accuracy": {
        "mean": 0.7346638095238095,
        "std": 0.3668563460832139,
        "t_confidence_interval_95": {
          "lower_bound": 0.7202763366419862,
          "upper_bound": 0.7490512824056328,
          "margin": 0.014387472881823314,