{
  "checkpoint": "",
  "num_samples": 2500,
  "temperature": 0.1,
  "timestamp": "2025-10-01T22:38:34.972418",
  "dataset_name": "diamonds-seed0",
  "dataset_set": "val",
  "has_kl": false,
  "measurement-wise_accuracy_2": {
    "value": 0.8691620300118031,
    "confidence_interval": [
      0.8535783846019546,
      0.8833138387341274,
      0.01486772706608646
    ]
  },
  "all_correct_accuracy_2": {
    "value": 0.7991906929691451,
    "confidence_interval": [
      0.780959234479284,
      0.81626170651632,
      0.01765123601851809
    ]
  },
  "format_accuracy_2": {
    "value": 1.0,
    "confidence_interval": [
      0.9980606934474295,
      0.9999999999999999,
      0.0009696532762852109
    ]
  },
  "partial_accuracy_2": {
    "value": 0.8691620300118024,
    "confidence_interval": [
      0.86034027803798,
      0.8775058852309116,
      0.008582803596465825
    ]
  },
  "n_samples_2": 1977,
  "n_measurements_2": 5931,
  "n_format_correct_2": 1977,
  "n_wrong_nb_measurements_2": 0,
  "avg_total_word_count_2": 5.001011633788568,
  "avg_total_token_count_2": 95.70156803237228,
  "avg_before_measurements_word_count_2": 2.0010116337885684,
  "avg_before_measurements_token_count_2": 82.70156803237228,
  "measurement-wise_accuracy_overall": {
    "value": 0.865333333333334,
    "confidence_interval": [
      0.8513900078038138,
      0.8781556510203784,
      0.01338282160828225
    ]
  },
  "all_correct_accuracy_overall": {
    "value": 0.81,
    "confidence_interval": [
      0.7941509193999888,
      0.8248978604417062,
      0.015373470520858723
    ]
  },
  "format_accuracy_overall": {
    "value": 1.0,
    "confidence_interval": [
      0.9984657739382173,
      0.9999999999999999,
      0.0007671130308912304
    ]
  },
  "partial_accuracy_overall": {
    "value": 0.8653333333333333,
    "confidence_interval": [
      0.8574202963965932,
      0.872872318402499,
      0.007726011002952868
    ]
  },
  "n_samples_overall": 2500,
  "n_measurements_overall": 7500,
  "n_format_correct_overall": 2500,
  "n_wrong_nb_measurements_overall": 0,
  "avg_total_word_count_overall": 5.0008,
  "avg_total_token_count_overall": 95.7116,
  "avg_before_measurements_word_count_overall": 2.0008,
  "avg_before_measurements_token_count_overall": 82.7116,
  "measurement-wise_accuracy_0": {
    "value": 0.8508604206500956,
    "confidence_interval": [
      0.8177765179333374,
      0.8788277334129964,
      0.030525607739829493
    ]
  },
  "all_correct_accuracy_0": {
    "value": 0.8508604206500956,
    "confidence_interval": [
      0.8177765179333374,
      0.8788277334129964,
      0.030525607739829493
    ]
  },
  "format_accuracy_0": {
    "value": 1.0,
    "confidence_interval": [
      0.9927085107742034,
      1.0,
      0.0036457446128983677
    ]
  },
  "partial_accuracy_0": {
    "value": 0.8508604206500956,
    "confidence_interval": [
      0.8323778408689809,
      0.8676291393803331,
      0.01762564925567615
    ]
  },
  "n_samples_0": 523,
  "n_measurements_0": 1569,
  "n_format_correct_0": 523,
  "n_wrong_nb_measurements_0": 0,
  "avg_total_word_count_0": 5.0,
  "avg_total_token_count_0": 95.74952198852772,
  "avg_before_measurements_word_count_0": 2.0,
  "avg_before_measurements_token_count_0": 82.74952198852772
}